System,Run,Seed,Status,ErrorMessage,Kp,Ki,Kd,BestCost,IAE,IAE_norm,RiseTime_s,SettlingTime_s,Overshoot_percent,ESS_abs,ESS_percent,PeakTime_s,Runtime_s
Ball and Beam,1,2026,OK,,90.506705065867,14.7895252389293,954.594397298312,0.000537965212700804,0.172203114329748,0.00086101557164874,0.016303659155512,0.0199719824655021,0.0527168388317234,0.00015263369727947,0.0015263369727947,3.48348348348348,102.8054053
Ball and Beam,2,2027,OK,,75.177138099858,9.62438604437018,908.960645704659,0.000544727292933869,0.173274713692969,0.000866373568464845,0.0163680604234764,0.0214267868410616,0.0466590202601314,0.00107499052668203,0.0107499052668203,3.52352352352352,116.3048011
Ball and Beam,3,2028,OK,,195.19433704579,49.8800834224784,987.526596947749,0.00072015847354375,0.181834358637897,0.000909171793189485,0.0162575954233324,0.0199155543935822,0.0981262302537367,0.00162901925411951,0.0162901925411951,1.02102102102102,87.209615
Ball and Beam,4,2029,OK,,183.343362446243,79.8243022781373,942.25069824654,0.00077723817623908,0.203244867616507,0.00101622433808254,0.0163119552846456,0.0199821452236909,0.121244353766636,0.000254432250583747,0.00254432250583747,2.002002002002,82.8570838
Ball and Beam,5,2030,OK,,89.9274628231665,13.932378662926,987.548453962827,0.000528626079358625,0.169122434061772,0.00084561217030886,0.0162653845757326,0.0199250961052725,0.0487260968228043,0.000400321905271284,0.00400321905271284,3.56356356356356,84.2734744
Ball and Beam,6,2031,OK,,119.705536849477,13.2273123301184,934.591916631387,0.000568565776631013,0.168831926057705,0.000844159630288526,0.0163273712812181,0.0200010298194922,0.0652058797847799,9.62808149651551e-07,9.62808149651551e-06,0.0800800800800801,94.6320362
Ball and Beam,7,2032,OK,,182.90002476784,61.1799086205248,940.190056704957,0.000764206257911287,0.195532073575151,0.000977660367875756,0.016314706433122,0.0199855153805744,0.109796640775395,0.00141401726383705,0.0141401726383705,1.7017017017017,81.8798037
Ball and Beam,8,2033,OK,,146.685995152673,34.0453280351251,976.644563657039,0.000667519734663876,0.178005177656567,0.000890025888282834,0.0162731570289969,0.0199346173605212,0.0788456792647274,0.00198252225402662,0.0198252225402662,1.94194194194194,81.9489342
Ball and Beam,9,2034,OK,,214.590496485212,85.9320561175562,973.842827193709,0.000766017628540358,0.195129765783958,0.000975648828919788,0.0162711398941327,0.0199321463703126,0.122438814502135,7.28682293349436e-06,7.28682293349436e-05,1.58158158158158,83.5120366
Ball and Beam,10,2035,OK,,84.6429149534313,15.9347752520877,937.122693276537,0.000544975489567302,0.175265455503842,0.000876327277519211,0.0163268055770859,0.0200003368319302,0.0549230222036456,3.42359095579781e-05,0.000342359095579781,4.18418418418418,84.8653888
Cruise Control,1,12026,OK,,940.483532777134,47.0749463841355,97.5076186604721,0.0402956971658917,10.6812265283237,0.0534061326416184,2.57503840476089,4.4643900809038,0.0183763177393326,0.00138894189732852,0.0138894189732852,13.2332332332332,83.6943639
Cruise Control,2,12027,OK,,989.289938940008,49.1603621197922,121.876480933102,0.0388306667075453,10.171113047666,0.0508555652383301,2.49617616851339,4.33260876164491,2.16358964078012e-05,2.16358963989194e-06,2.16358963989194e-05,20,87.436535
Cruise Control,3,12028,OK,,962.917447166607,48.1394072259364,9.04583060261195,0.0365900135962649,10.3894270012356,0.051947135006178,2.30345834396347,4.09122432605513,0.00085780602390173,7.13542574359849e-05,0.000713542574359849,15.2552552552553,94.7392861
Cruise Control,4,12029,OK,,987.787989744581,49.5466337530696,47.8037426146337,0.036873628796591,10.144840251351,0.0507242012567548,2.33451061797039,4.09812824339757,0.016234841499374,0.00116371196499365,0.0116371196499365,12.2922922922923,82.8524648
Cruise Control,5,12030,OK,,977.417241847275,48.6552593993573,101.776849230977,0.0388413483951641,10.2828649968816,0.0514143249844081,2.48944363339979,4.32119534723657,0.0020229246354031,0.000169515203310766,0.00169515203310766,15.3153153153153,82.7000126
Cruise Control,6,12031,OK,,969.685494481762,48.3316383741884,60.7734780879942,0.0378984249719706,10.3454152316844,0.0517270761584221,2.41114137613739,4.2282728411412,0,3.21154966442805e-06,3.21154966442805e-05,20,81.7030057
Cruise Control,7,12032,OK,,947.636130028559,47.2115439310467,74.3157410449488,0.0392076351931121,10.5933200891198,0.0529666004455991,2.50064445855204,4.37010348300021,0.000811391000210548,7.18407123709852e-05,0.000718407123709852,16.4564564564565,83.3966531
Cruise Control,8,12033,OK,,959.182527928265,47.6541643717398,122.016009842087,0.0400597072538428,10.4925220142092,0.0524626100710461,2.57522521982841,4.4699276202291,0,1.65110254357614e-08,1.65110254357614e-07,20,81.5211811
Cruise Control,9,12034,OK,,954.210052193038,47.4958520473141,93.1989707632196,0.0395219229520117,10.5303349975021,0.0526516749875106,2.52950434430367,4.40035212248562,0.000949220844859155,8.39912518237895e-05,0.000839912518237895,16.4364364364364,82.5104558
Cruise Control,10,12035,OK,,969.719976344697,48.3285537670833,62.9040380247171,0.0379618369479946,10.3461199759018,0.051730599879509,2.4161775149784,4.23486639189965,0,9.3429460790162e-07,9.3429460790162e-06,20,82.2297465
DC Motor Speed,1,22026,OK,,912.363654729137,226.414447329205,897.385606845982,0.000485144065600067,0.203681768309021,0.00203681768309021,0.00160834719603966,0.00197022531514859,0,3.84496026129e-07,7.68992052258e-07,2,83.6084127
DC Motor Speed,2,22027,OK,,956.072837733453,229.807800599515,925.585856786267,0.000479235221757846,0.19781048421367,0.0019781048421367,0.00160814134919847,0.00196997315276812,0,3.58610918738123e-10,7.17221837476245e-10,2,84.8558856
DC Motor Speed,3,22028,OK,,930.197752004778,251.64647753519,956.266865906512,0.000478836516619265,0.197448278409759,0.00197448278409759,0.00160793268703436,0.00196971754161709,0,4.4946233401788e-09,8.98924668035761e-09,2,82.4824553
DC Motor Speed,4,22029,OK,,967.847095552759,198.267652546,866.605064751574,0.000482961800239397,0.201458006197889,0.00201458006197889,0.00160858466021819,0.00197051620876729,2.6881878945062e-07,1.34409390284418e-07,2.68818780568836e-07,2,83.9014757
DC Motor Speed,5,22030,OK,,890.294505914412,258.576391061128,949.710104641655,0.00048252711090175,0.201131012595844,0.00201131012595844,0.00160797708303656,0.00196977192671978,1.97771798937652e-08,9.88859483186388e-09,1.97771896637278e-08,2,81.5606037
DC Motor Speed,6,22031,OK,,988.022085507438,239.879199415353,961.789608184036,0.000474122841077073,0.192676383088239,0.00192676383088239,0.00160789528614746,0.00196967172553064,0,1.61957282571734e-05,3.23914565143468e-05,2,84.0169498
DC Motor Speed,7,22032,OK,,968.526961606321,227.556149263474,927.100086142057,0.000478135013083517,0.19671218596964,0.0019671218596964,0.00160813043395683,0.00196995978159711,2.1298518504409e-10,1.06496145235724e-10,2.12992290471448e-10,2,82.5828695
DC Motor Speed,8,22033,OK,,952.939568508977,230.055103713904,924.554603685042,0.000479565516043797,0.198139493558932,0.00198139493558932,0.00160814868837674,0.0019699821432615,0,5.04734032347187e-10,1.00946806469437e-09,2,82.8406675
DC Motor Speed,9,22034,OK,,942.365011541892,233.681501046174,926.655292076906,0.000480242497180312,0.198819013639674,0.00198819013639674,0.00160813412006161,0.00196996429707547,2.27815544207033e-09,1.13907816512437e-09,2.27815633024875e-09,2,83.5366798
DC Motor Speed,10,22035,OK,,922.205731501271,270.486422151477,989.009192797267,0.000476858235539763,0.195506550610182,0.00195506550610182,0.00160772383920533,0.00196946170302653,2.37612152176325e-09,1.18805587590032e-09,2.37611175180064e-09,2,81.1333808
