t,rpm,pwm
0.55,0,150
0.6,0,164
0.65,0,179
0.7,0,196
0.75,0,214
0.8,0,233
0.85,0,253
0.9,0,255
0.95,0,255
1,0,255
1.05,0,255
1.1,0,255
1.15,0,255
1.2,0,255
1.25,0,255
1.3,0,255
1.35,0,255
1.4,0,255
1.451,0,255
1.501,0,255
1.551,0,255
1.601,0,255
1.651,0,255
1.701,0,255
1.751,0,255
1.801,0,255
1.851,0,255
1.901,0,255
1.951,0,255
2.001,0,255
2.051,0,255
2.101,0,255
2.151,0,255
2.201,0,255
2.251,0,255
2.301,0,255
2.351,0,255
2.401,0,255
2.451,0,255
2.501,0,255
2.551,0,255
2.601,0,255
2.651,0,255
2.701,0,255
2.751,0,255
2.801,0,255
2.851,0,255
2.902,0,255
2.952,0,255
3.002,0,255
3.052,0,255
3.102,0,255
3.152,0,255
3.202,0,255
3.252,0,255
3.302,0,255
3.352,0,255
3.402,0,255
3.452,0,255
3.502,0,255
3.552,0,255
3.602,0,255
3.652,0,255
3.702,0,255
3.752,0,255
3.802,0,255
3.852,0,255
3.902,0,255
3.952,0,255
4.002,0,255
4.052,0,255
4.102,0,255
4.152,0,255
4.202,0,255
4.252,0,255
4.302,0,255
4.352,0,255
4.402,0,255
4.452,0,255
4.502,0,255
4.552,0,255
4.602,0,255
4.652,0,255
4.702,0,255
4.752,0,255
4.802,0,255
4.852,0,255
4.902,0,255
4.952,0,255
5.002,0,255
5.052,0,255
5.102,0,255
5.152,0,255
5.202,0,255
5.252,0,255
5.302,0,255
5.352,0,255
5.402,0,255
5.452,0,255
5.502,0,255
5.552,0,255
5.602,0,255
5.652,0,255
5.702,0,255
5.752,0,255
5.803,0,255
5.853,0,255
5.903,0,255
5.953,0,255
6.003,0,255
6.053,0,255
6.103,0,255
6.153,0,255
6.203,0,255
6.253,0,255
6.303,0,255
6.353,0,255
6.403,0,255
6.453,0,255
6.503,0,255
6.553,0,255
6.603,0,255
6.653,0,255
6.703,0,255
6.753,0,255
6.803,0,255
6.853,0,255
6.903,0,255
6.953,0,255
7.003,0,255
7.053,0,255
7.103,0,255
7.153,0,255
7.203,0,255
7.254,0,255
7.304,0,255
7.354,0,255
7.404,0,255
7.454,0,255
7.504,0,255
7.554,0,255
7.604,0,255
7.654,0,255
7.704,0,255
7.754,0,255
7.804,0,255
7.854,0,255
7.904,0,255
7.954,0,255
8.004,0,255
8.054,0,255
8.104,0,255
8.154,0,255
8.204,0,255
8.254,0,255
8.304,0,255
8.354,0,255
8.404,0,255
8.454,0,255
8.504,0,255
8.554,0,255
8.604,0,255
8.654,0,255
8.704,0,255
8.754,0,255
8.804,0,255
8.854,0,255
8.904,0,255
8.954,0,255
9.004,0,255
9.054,0,255
9.104,0,255
9.154,0,255
9.204,0,255
9.254,0,255
9.304,0,255
9.354,0,255
9.404,0,255
9.454,0,255
9.504,0,255
9.554,0,255
9.604,0,255
9.654,0,255
9.704,0,255
9.754,0,255
9.804,0,255
9.854,0,255
9.904,0,255
9.954,0,255
10.004,0,255
10.054,0,255
10.104,0,255
10.155,0,255
10.205,0,255
10.255,0,255
10.305,0,255
10.355,0,255
10.405,0,255
10.455,0,255
10.505,0,255
10.555,0,255
10.605,0,255
10.655,0,255
10.705,0,255
10.755,0,255
10.805,0,255
10.855,0,255
10.905,0,255
10.955,0,255
11.005,0,255
11.055,0,255
11.105,0,255
11.155,0,255
11.205,0,255
11.255,0,255
11.305,0,255
11.355,0,255
11.405,0,255
11.455,0,255
11.505,0,255
11.555,0,255
11.606,0,255
11.656,0,255
11.706,0,255
11.756,0,255
11.806,0,255
11.856,0,255
11.906,0,255
11.956,0,255
12.006,0,255
12.056,0,255
12.106,0,255
12.156,0,255
12.206,0,255
12.256,0,255
12.306,0,255
12.356,0,255
12.406,0,255
12.456,0,255
12.506,0,255
12.556,0,255
12.606,0,255
12.656,0,255
12.706,0,255
12.756,0,255
12.806,0,255
12.856,0,255
12.906,0,255
12.956,0,255
13.006,0,255
13.056,0,255
13.106,0,255
13.156,0,255
13.206,0,255
13.256,0,255
13.306,0,255
13.356,0,255
13.406,0,255
13.456,0,255
13.506,0,255
13.556,0,255
13.606,0,255
13.656,0,255
13.706,0,255
13.756,0,255
13.806,0,255
13.856,0,255
13.906,0,255
13.956,0,255
14.006,0,255
14.056,0,255
14.106,0,255
14.156,0,255
14.206,0,255
14.256,0,255
14.306,0,255
14.356,0,255
14.406,0,255
14.456,0,255
14.507,0,255
14.557,0,255
14.607,0,255
14.657,0,255
14.707,0,255
14.757,0,255
14.807,0,255
14.857,0,255
14.907,0,255
14.957,0,255
15.007,0,255
15.057,0,255
15.107,0,255
15.157,0,255
15.207,0,255
15.257,0,255
15.307,0,255
15.357,0,255
15.407,0,255
15.457,0,255
15.507,0,255
15.557,0,255
15.607,0,255
15.657,0,255
15.707,0,255
15.757,0,255
15.807,0,255
15.857,0,255
15.907,0,255
15.958,0,255
16.008,0,255
16.058,0,255
16.108,0,255
16.158,0,255
16.208,0,255
16.258,0,255
16.308,0,255
16.358,0,255
16.408,0,255
16.458,0,255
16.508,0,255
16.558,0,255
16.608,0,255
16.658,0,255
16.708,0,255
16.758,0,255
16.808,0,255
16.858,0,255
16.908,0,255
16.958,0,255
17.008,0,255
17.058,0,255
17.108,0,255
17.158,0,255
17.208,0,255
17.258,0,255
17.308,0,255
17.358,0,255
17.408,0,255
17.458,0,255
17.508,0,255
17.558,0,255
17.608,0,255
17.658,0,255
17.708,0,255
17.758,0,255
17.808,0,255
17.858,0,255
17.908,0,255
17.958,0,255
18.008,0,255
18.058,0,255
18.108,0,255
18.158,0,255
18.208,0,255
18.258,0,255
18.308,0,255
18.358,0,255
18.408,0,255
18.458,0,255
18.508,0,255
18.558,0,255
18.608,0,255
18.658,0,255
18.708,0,255
18.758,0,255
18.808,0,255
18.859,0,255
18.909,0,255
18.959,0,255
19.009,0,255
19.059,0,255
19.109,0,255
19.159,0,255
19.209,0,255
19.259,0,255
19.309,0,255
19.359,0,255
19.409,0,255
19.459,0,255
19.509,0,255
19.559,0,255
19.609,0,255
19.659,0,255
19.709,0,255
19.759,0,255
19.809,0,255
19.859,0,255
19.909,0,255
19.959,0,255
20.009,0,255
20.059,0,255
20.109,0,255
20.159,0,255
20.209,0,255
20.259,0,255
20.31,0,255
20.36,0,255
20.41,0,255
20.46,0,255
20.51,0,255
20.56,0,255
20.61,0,255
20.66,0,255
20.71,0,255
20.76,0,255
20.81,0,255
20.86,0,255
20.91,0,255
20.96,0,255
21.01,0,255
21.06,0,255
21.11,0,255
21.16,0,255
21.21,0,255
21.26,0,255
21.31,0,255
21.36,0,255
21.41,0,255
21.46,0,255
21.51,0,255
21.56,0,255
21.61,0,255
21.66,0,255
21.71,0,255
21.76,0,255
21.81,0,255
21.86,0,255
21.91,0,255
21.96,0,255
22.01,0,255
22.06,0,255
22.11,0,255
22.16,0,255
22.21,0,255
22.26,0,255
22.31,0,255
22.36,0,255
22.41,0,255
22.46,0,255
22.51,0,255
22.56,0,255
22.61,0,255
22.66,0,255
22.71,0,255
22.76,0,255
22.81,0,255
22.86,0,255
22.91,0,255
22.96,0,255
23.01,0,255
23.06,0,255
23.11,0,255
23.16,0,255
23.211,0,255
23.261,0,255
23.311,0,255
23.361,0,255
23.411,0,255
23.461,0,255
23.511,0,255
23.561,0,255
23.611,0,255
23.661,0,255
23.711,0,255
23.761,0,255
23.811,0,255
23.861,0,255
23.911,0,255
23.961,0,255
24.011,0,255
24.061,0,255
24.111,0,255
24.161,0,255
24.211,0,255
24.261,0,255
24.311,0,255
24.361,0,255
24.411,0,255
24.461,0,255
24.511,0,255
24.561,0,255
24.611,0,255
24.662,0,255
24.712,0,255
24.762,0,255
24.812,0,255
24.862,0,255
24.912,0,255
24.962,0,255
25.012,0,255
25.062,0,255
25.112,0,255
25.162,0,255
25.212,0,255
25.262,0,255
25.312,0,255
25.362,0,255
25.412,0,255
25.462,0,255
25.512,0,255
25.562,0,255
25.612,0,255
25.662,0,255
25.712,0,255
25.762,0,255
25.812,0,255
25.862,0,255
25.912,0,255
25.962,0,255
26.012,0,255
26.062,0,255
26.112,0,255
26.162,0,255
26.212,0,255
26.262,0,255
26.312,0,255
26.362,0,255
26.412,0,255
26.462,0,255
26.512,0,255
26.562,0,255
26.612,0,255
26.662,0,255
26.712,0,255
26.762,0,255
26.812,0,255
26.862,0,255
26.912,0,255
26.962,0,255
27.012,0,255
27.062,0,255
27.112,0,255
27.162,0,255
27.212,0,255
27.262,0,255
